1,Beauregard,Dussy,bdussy0@goodreads.com,Female,54369
2,Arlyn,Myall,amyall1@friendfeed.com,Male,88599
3,Giavani,Izaks,gizaks2@histats.com,Female,90079
4,Kaiser,Duckham,kduckham3@clickbank.net,Male,80157
5,Ken,Sergant,ksergant4@dyndns.org,Male,15710
6,Darelle,Radage,dradage5@wikipedia.org,Male,47438
7,Aidan,Sonschein,asonschein6@indiegogo.com,Male,80010
8,Dennie,Drust,ddrust7@wunderground.com,Female,51096
9,Carissa,Lowery,clowery8@feedburner.com,Male,94858
10,Dallas,Cristofaro,dcristofaro9@tamu.edu,Male,66794
11,Elna,Landers,elandersa@tripod.com,Female,70857
12,Malina,Dmitriev,mdmitrievb@jimdo.com,Male,65875
13,Geri,Kinmond,gkinmondc@biglobe.ne.jp,Female,3798
14,Rani,Bellson,rbellsond@weebly.com,Female,91388
15,Ollie,Sauven,osauvene@networkadvertising.org,Female,41195
16,Darlleen,Iori,diorif@php.net,Female,68716
17,Will,Annell,wannellg@foxnews.com,Female,56937
18,Erina,Attarge,eattargeh@gnu.org,Male,25456
19,Frasquito,Kneebone,fkneebonei@fda.gov,Male,88500
20,Hyacinth,Hydes,hhydesj@imdb.com,Female,95041
21,Merry,Kinglake,mkinglakek@state.gov,Female,22
22,Constancy,Buckthorp,cbuckthorpl@apache.org,Male,9696
23,Neel,Wolverson,nwolversonm@google.it,Male,97503
24,Leyla,Lewsie,llewsien@soup.io,Male,23060
25,Elberta,Skedgell,eskedgello@examiner.com,Female,25821
26,Ford,Espina,fespinap@yellowbook.com,Female,52324
27,Pen,McCoish,pmccoishq@ning.com,Female,20878
28,Arleen,Pollington,apollingtonr@printfriendly.com,Male,57581
29,Fredelia,Shewon,fshewons@independent.co.uk,Female,10935
30,Woody,Larimer,wlarimert@jigsy.com,Female,20701
31,Ardys,Longson,alongsonu@zdnet.com,Male,13472
32,Julieta,Castaignet,jcastaignetv@msn.com,Female,53800
33,Helge,Easton,heastonw@blogs.com,Male,44118
34,Quintina,Leeke,qleekex@php.net,Female,522
35,Erminie,McWaters,emcwatersy@cocolog-nifty.com,Female,93221
36,Leann,Bremeyer,lbremeyerz@google.pl,Male,83583
37,Ives,Espinoy,iespinoy10@pen.io,Male,11356
38,Robbie,Croshaw,rcroshaw11@istockphoto.com,Female,84463
39,Roda,Harley,rharley12@gizmodo.com,Female,63699
40,Dylan,Giacopini,dgiacopini13@reddit.com,Female,58852
41,Joela,Mortell,jmortell14@squidoo.com,Female,92835
42,Kyla,Downton,kdownton15@reddit.com,Female,24577
43,Amalle,Drewe,adrewe16@fotki.com,Male,83688
44,Kellby,Fermor,kfermor17@squarespace.com,Female,38253
45,Kore,Landy,klandy18@naver.com,Female,46842
46,Wye,Boynton,wboynton19@cam.ac.uk,Female,52872
47,Teodorico,St. Quintin,tstquintin1a@jugem.jp,Female,64035
48,Moise,Collyear,mcollyear1b@multiply.com,Female,40036
49,Beverlee,Bothams,bbothams1c@tripadvisor.com,Female,7685
50,Odille,Ginnelly,oginnelly1d@w3.org,Male,63516
51,Karla,Sarfass,ksarfass1e@google.com,Female,96449
52,Richard,Royl,rroyl1f@cdc.gov,Female,23477
53,Antoinette,Nurcombe,anurcombe1g@ameblo.jp,Male,74985
54,Marin,Hammerson,mhammerson1h@cnn.com,Female,18080
55,Angie,Ashbridge,aashbridge1i@smh.com.au,Female,52201
56,Inge,Bounde,ibounde1j@123-reg.co.uk,Male,68207
57,Mia,Varga,mvarga1k@shinystat.com,Female,7156
58,Sander,Eytel,seytel1l@usa.gov,Male,47028
59,Jobie,Bennike,jbennike1m@nasa.gov,Male,22445
60,Reagen,Birtley,rbirtley1n@edublogs.org,Male,71826
61,Colin,Pittford,cpittford1o@cisco.com,Female,28475
62,Jan,McKeand,jmckeand1p@scientificamerican.com,Female,86296
63,Jolene,Statersfield,jstatersfield1q@shinystat.com,Male,20805
64,Darby,O'Geaney,dogeaney1r@sohu.com,Female,36532
65,Rosmunda,MacAiline,rmacailine1s@xing.com,Female,23243
66,Ranice,Klais,rklais1t@nationalgeographic.com,Male,18208
67,Brittney,Blayd,bblayd1u@flavors.me,Male,92529
68,Corliss,Ranvoise,cranvoise1v@angelfire.com,Female,40502
69,Sisile,Whyatt,swhyatt1w@mtv.com,Male,58256
70,Jerad,Titcumb,jtitcumb1x@rakuten.co.jp,Male,53089
71,Tiffi,Liver,tliver1y@sciencedaily.com,Male,46028
72,Deirdre,Staite,dstaite1z@nbcnews.com,Female,46302
73,Meghann,Winterscale,mwinterscale20@soup.io,Male,54817
74,Maurise,Dewicke,mdewicke21@dailymotion.com,Female,20132
75,Tommie,Taborre,ttaborre22@wp.com,Female,87901
76,Heda,Hinkens,hhinkens23@tumblr.com,Female,84429
77,Doy,Bilt,dbilt24@google.de,Male,36687
78,Rockey,Weatherburn,rweatherburn25@slate.com,Female,4437
79,Carin,Pfaff,cpfaff26@toplist.cz,Male,68134
80,Lucina,Pershouse,lpershouse27@hubpages.com,Male,13298
81,Velvet,Dalloway,vdalloway28@flavors.me,Female,80178
82,Shanta,Glantz,sglantz29@pinterest.com,Female,60376
83,Eve,Marryatt,emarryatt2a@ovh.net,Male,93003
84,Michale,Snelson,msnelson2b@sina.com.cn,Female,12446
85,Jessalin,McLoney,jmcloney2c@hc360.com,Male,93245
86,Clare,Stratz,cstratz2d@mysql.com,Male,30528
87,Barbara-anne,Furlonge,bfurlonge2e@google.pl,Male,173
88,Yalonda,Ruffli,yruffli2f@wiley.com,Female,37304
89,Angela,Kitchener,akitchener2g@bloglovin.com,Male,47963
90,Miller,Inkles,minkles2h@wp.com,Male,30039
91,Caryl,Kix,ckix2i@state.tx.us,Male,13002
92,Kathie,Gowrich,kgowrich2j@amazon.co.jp,Male,66803
93,Angeli,Upstell,aupstell2k@about.com,Female,97867
94,Bryan,Lassells,blassells2l@tmall.com,Male,7493
95,Hans,Pordall,hpordall2m@mozilla.com,Male,24372
96,Dorree,Taysbil,dtaysbil2n@weibo.com,Male,40320
97,Osbert,Yelding,oyelding2o@yellowpages.com,Female,33406
98,Gale,Eyes,geyes2p@1688.com,Female,60619
99,Nancy,Lovstrom,nlovstrom2q@kickstarter.com,Female,56315
100,Evangelia,Assante,eassante2r@java.com,Male,22817
101,Staford,Cassley,scassley2s@mozilla.org,Female,56763
102,Fionnula,Redfearn,fredfearn2t@samsung.com,Female,17877
103,Tawnya,Sowerbutts,tsowerbutts2u@forbes.com,Female,53068
104,Yolane,Henstridge,yhenstridge2v@studiopress.com,Female,31797
105,Aveline,Penn,apenn2w@senate.gov,Female,26679
106,Roth,Braizier,rbraizier2x@soundcloud.com,Female,25004
107,Ilene,Cogman,icogman2y@nationalgeographic.com,Male,79037
108,Dorthy,Huygens,dhuygens2z@sciencedirect.com,Male,71972
109,Chryste,Sexcey,csexcey30@51.la,Male,54683
110,Perri,Fish,pfish31@globo.com,Male,51905
111,Lynea,Adolfsen,ladolfsen32@mayoclinic.com,Female,91366
112,Jeddy,Bichard,jbichard33@scribd.com,Female,7809
113,Cynde,Anstee,canstee34@instagram.com,Female,25193
114,Leona,Minchenton,lminchenton35@ucoz.com,Male,56112
115,Margaret,Edmunds,medmunds36@blogtalkradio.com,Male,58087
116,Murdoch,Brickner,mbrickner37@nasa.gov,Male,14089
117,Verge,Cheesley,vcheesley38@infoseek.co.jp,Male,63159
118,Pasquale,Fairbairn,pfairbairn39@sourceforge.net,Female,32746
119,Carlynn,Evason,cevason3a@mail.ru,Male,12382
120,Raimondo,Sharvell,rsharvell3b@addtoany.com,Male,21691
121,Vida,Ibeson,vibeson3c@wisc.edu,Male,5437
122,Nedda,MacNally,nmacnally3d@oracle.com,Male,62044
123,Sabine,Coldbathe,scoldbathe3e@youtube.com,Male,88260
124,Terence,Egle of Germany,tegleofgermany3f@examiner.com,Female,96732
125,Vivi,Gaskamp,vgaskamp3g@craigslist.org,Female,80416
126,Rosemary,Rudsdell,rrudsdell3h@eventbrite.com,Female,82295
127,Allister,Pattrick,apattrick3i@yellowpages.com,Female,16412
128,Abbi,Denkel,adenkel3j@google.com.br,Female,55169
129,Murial,Odby,modby3k@photobucket.com,Male,70369
130,Alejandrina,Flement,aflement3l@macromedia.com,Female,39521
131,Ashia,McKernan,amckernan3m@yandex.ru,Male,76798
132,Rivi,Ensten,rensten3n@java.com,Male,41191
133,Nanete,Kann,nkann3o@cloudflare.com,Female,27813
134,Burlie,Duling,bduling3p@etsy.com,Female,56601
135,Liana,Donohoe,ldonohoe3q@people.com.cn,Female,5945
136,Son,Jeffray,sjeffray3r@dailymotion.com,Female,49407
137,Daune,Espina,despina3s@ocn.ne.jp,Male,61130
138,Caroline,Fleckney,cfleckney3t@mediafire.com,Female,40114
139,Arleyne,Bottby,abottby3u@scribd.com,Male,22888
140,Liam,Boagey,lboagey3v@bloglines.com,Female,22078
141,Ethe,Livzey,elivzey3w@jugem.jp,Female,8329
142,Morna,Kinavan,mkinavan3x@wp.com,Male,73987
143,Walden,Paddison,wpaddison3y@rakuten.co.jp,Male,56029
144,Amitie,Ladd,aladd3z@webnode.com,Male,88366
145,Joey,Thornhill,jthornhill40@mediafire.com,Male,41272
146,Winnie,Rubinivitz,wrubinivitz41@home.pl,Male,59533
147,Issiah,Willishire,iwillishire42@time.com,Male,89294
148,Jennee,Gilstin,jgilstin43@delicious.com,Male,70353
149,Lyman,Bainbrigge,lbainbrigge44@sogou.com,Female,40210
150,Stephanus,Grandison,sgrandison45@icq.com,Male,81197
151,Berry,Dudley,bdudley46@weebly.com,Female,33072
152,Louis,McLucky,lmclucky47@about.com,Male,88050
153,Thaine,Fryman,tfryman48@studiopress.com,Male,7323
154,Chadd,Hollyer,chollyer49@cnet.com,Female,73628
155,Kristi,Finley,kfinley4a@pagesperso-orange.fr,Female,70457
156,Chet,Eccleshall,ceccleshall4b@themeforest.net,Female,415
157,Desmund,Ambrosch,dambrosch4c@fema.gov,Female,55462
158,Silvie,Durbann,sdurbann4d@usnews.com,Male,93967
159,Scotty,Harraway,sharraway4e@51.la,Male,21363
160,Nealy,Gilbard,ngilbard4f@army.mil,Female,92253
161,Pauly,Dockree,pdockree4g@ustream.tv,Male,28580
162,Llywellyn,Boon,lboon4h@edublogs.org,Male,72005
163,Karilynn,Fintoph,kfintoph4i@disqus.com,Male,43111
164,Moina,Sadat,msadat4j@tamu.edu,Female,59783
165,Farr,Duell,fduell4k@cnet.com,Male,94188
166,Inger,Oolahan,ioolahan4l@howstuffworks.com,Male,46230
167,Revkah,Pountain,rpountain4m@indiatimes.com,Female,17938
168,Neall,Melmeth,nmelmeth4n@hugedomains.com,Male,74436
169,Bail,Tomeo,btomeo4o@hubpages.com,Female,75547
170,Mercie,Mapplebeck,mmapplebeck4p@homestead.com,Male,88008
171,Felix,Cridlon,fcridlon4q@goo.gl,Female,26900
172,Kaile,Karpf,kkarpf4r@blogspot.com,Male,68645
173,Hubert,Abreheart,habreheart4s@usa.gov,Female,98418
174,Elly,Drable,edrable4t@jigsy.com,Male,34310
175,Fedora,Goney,fgoney4u@wikispaces.com,Female,66848
176,Lorenzo,Duberry,lduberry4v@answers.com,Female,6947
177,Casey,Randleson,crandleson4w@merriam-webster.com,Male,24148
178,Thatcher,Curman,tcurman4x@trellian.com,Female,67828
179,Aurora,Van der Kruys,avanderkruys4y@chronoengine.com,Male,45062
180,Sigfried,Kelley,skelley4z@fc2.com,Male,58287
181,Waneta,Aspinal,waspinal50@privacy.gov.au,Male,4706
182,Jacquetta,Crich,jcrich51@nba.com,Male,58894
183,Alasteir,Ferron,aferron52@skyrock.com,Male,76567
184,Fredi,Beswetherick,fbeswetherick53@istockphoto.com,Male,8472
185,Olympia,Marchetti,omarchetti54@uiuc.edu,Female,31000
186,Tulley,Getley,tgetley55@domainmarket.com,Female,10084
187,Natal,Wisedale,nwisedale56@usda.gov,Female,23130
188,Daphene,McConnel,dmcconnel57@microsoft.com,Male,28358
189,Gilligan,Glasman,gglasman58@accuweather.com,Female,30079
190,Gary,Jacomb,gjacomb59@i2i.jp,Female,22130
191,Stephanus,Dearan,sdearan5a@smh.com.au,Male,50312
192,Marjy,Kunc,mkunc5b@google.co.uk,Male,24488
193,Kilian,Puddifer,kpuddifer5c@sfgate.com,Female,3155
194,Mona,Filipchikov,mfilipchikov5d@omniture.com,Male,13596
195,Catharina,Tchaikovsky,ctchaikovsky5e@dell.com,Female,85902
196,Augustin,Skermer,askermer5f@goodreads.com,Female,18129
197,Mike,Guerra,mguerra5g@jimdo.com,Male,71831
198,Mahalia,Haslegrave,mhaslegrave5h@noaa.gov,Male,28253
199,Yorgos,Oldridge,yoldridge5i@mysql.com,Male,94724
200,Stirling,Ringsell,sringsell5j@state.tx.us,Male,929
201,Dex,Safe,dsafe5k@pagesperso-orange.fr,Female,17089
202,Alicia,Nowakowska,anowakowska5l@shop-pro.jp,Male,70203
203,Raleigh,Emmanuele,remmanuele5m@blog.com,Male,26936
204,Adelbert,Ingray,aingray5n@themeforest.net,Male,5930
205,Rossie,Goodman,rgoodman5o@hhs.gov,Female,85252
206,Lazare,Foord,lfoord5p@parallels.com,Male,76097
207,Jerrome,Hegley,jhegley5q@ocn.ne.jp,Female,68613
208,Rennie,Cutmore,rcutmore5r@wunderground.com,Male,94968
209,Jodee,Iuorio,jiuorio5s@businessweek.com,Female,79209
210,Aline,Carthew,acarthew5t@ifeng.com,Female,40496
211,Geri,Crump,gcrump5u@elpais.com,Female,72983
212,Margaret,McCarty,mmccarty5v@adobe.com,Female,89985
213,Isaak,Cramp,icramp5w@mapquest.com,Female,11563
214,Thornton,Tremontana,ttremontana5x@nhs.uk,Male,5848
215,Gun,Mulhill,gmulhill5y@ezinearticles.com,Female,47382
216,Pippy,Morewood,pmorewood5z@baidu.com,Female,78501
217,Quincy,Caulcutt,qcaulcutt60@icio.us,Female,9350
218,Arnoldo,Kensett,akensett61@narod.ru,Male,66363
219,Barthel,Ginman,bginman62@nature.com,Male,47606
220,Ernestus,Warsop,ewarsop63@reverbnation.com,Male,93633
221,Layne,Abbe,labbe64@last.fm,Male,50172
222,Noreen,Izkovici,nizkovici65@google.de,Female,88724
223,Dionne,Deignan,ddeignan66@sogou.com,Male,27919
224,Ring,Brasseur,rbrasseur67@xinhuanet.com,Male,87190
225,Christopher,Gunner,cgunner68@ebay.co.uk,Female,12706
226,Dynah,Ogborn,dogborn69@ow.ly,Male,74696
227,Thomas,De Vries,tdevries6a@craigslist.org,Male,31286
228,Elden,Brecher,ebrecher6b@ovh.net,Female,52445
229,Cynthy,Skelding,cskelding6c@xrea.com,Female,25118
230,Duane,Gehrtz,dgehrtz6d@uol.com.br,Female,95566
231,Bobbi,Cordeiro,bcordeiro6e@sciencedirect.com,Male,31780
232,Jere,Ashall,jashall6f@timesonline.co.uk,Male,25708
233,Melody,Kinworthy,mkinworthy6g@ucla.edu,Male,8557
234,Arly,Lorain,alorain6h@seesaa.net,Male,20441
235,Ceciley,Tomczak,ctomczak6i@skype.com,Female,38938
236,Camey,Jacobsz,cjacobsz6j@ft.com,Male,96674
237,Maddie,Lagne,mlagne6k@nhs.uk,Female,85151
238,Stearne,Batha,sbatha6l@artisteer.com,Female,72841
239,Zachariah,Blackah,zblackah6m@cbslocal.com,Male,84356
240,Sidnee,Culter,sculter6n@is.gd,Male,11399
241,Tiffani,Brice,tbrice6o@cafepress.com,Male,59584
242,Aguste,Heinrici,aheinrici6p@gmpg.org,Female,82867
243,Edithe,Pinnock,epinnock6q@jigsy.com,Female,67786
244,Leonidas,Huddart,lhuddart6r@usatoday.com,Female,17095
245,Latia,Cutteridge,lcutteridge6s@icio.us,Female,85847
246,Crissy,Cosby,ccosby6t@japanpost.jp,Female,8593
247,Esma,Annable,eannable6u@cnet.com,Male,73945
248,Erick,Colling,ecolling6v@globo.com,Male,34551
249,Issy,Jenking,ijenking6w@ox.ac.uk,Male,6720
250,Constantine,Helstrip,chelstrip6x@hexun.com,Male,19458
251,Cosimo,Ourry,courry6y@linkedin.com,Male,58270
252,Ravid,Papaccio,rpapaccio6z@vimeo.com,Female,48037
253,Randene,Sheaf,rsheaf70@webeden.co.uk,Male,27738
254,Anastasie,Ceyssen,aceyssen71@economist.com,Female,20972
255,Gerard,Askew,gaskew72@unicef.org,Male,87402
256,Josh,Benjamin,jbenjamin73@symantec.com,Male,15663
257,Ric,Redmire,rredmire74@xrea.com,Male,73139
258,Caryl,Allingham,callingham75@utexas.edu,Female,59778
259,Rinaldo,Scadden,rscadden76@tumblr.com,Female,49017
260,Rachelle,Yegorev,ryegorev77@photobucket.com,Male,65708
261,Andie,Gallaway,agallaway78@hc360.com,Male,10766
262,Althea,Mardall,amardall79@wikia.com,Male,42778
263,Danice,Bazelle,dbazelle7a@last.fm,Female,99361
264,Cleopatra,Stefi,cstefi7b@reuters.com,Male,99338
265,Herculie,Columbell,hcolumbell7c@photobucket.com,Female,37828
266,Layne,Croy,lcroy7d@cnn.com,Female,58457
267,Mirilla,Drogan,mdrogan7e@wikipedia.org,Female,48445
268,Roanne,Waber,rwaber7f@cpanel.net,Female,67893
269,Sly,Paskin,spaskin7g@slideshare.net,Female,82118
270,Justina,Mattessen,jmattessen7h@ebay.co.uk,Female,32188
271,Ilaire,Blockley,iblockley7i@bravesites.com,Male,55468
272,Jilly,Measen,jmeasen7j@europa.eu,Male,2246
273,Donella,Kitter,dkitter7k@google.ru,Male,38587
274,Vincent,Pettecrew,vpettecrew7l@newsvine.com,Female,22858
275,Eduardo,Downgate,edowngate7m@etsy.com,Male,54840
276,Carline,Weatherhill,cweatherhill7n@jigsy.com,Male,75165
277,Christos,Muller,cmuller7o@bloglines.com,Male,78245
278,Marni,Tinkham,mtinkham7p@time.com,Male,2937
279,Osbert,Hartzenberg,ohartzenberg7q@eepurl.com,Female,15160
280,Isobel,Showen,ishowen7r@weather.com,Female,25165
281,Andy,Shellcross,ashellcross7s@constantcontact.com,Female,25569
282,Moria,Sisse,msisse7t@soup.io,Male,39448
283,Anitra,Dwyr,adwyr7u@bloglines.com,Female,98749
284,Alina,Goodinge,agoodinge7v@google.ru,Male,86037
285,Ayn,Blanc,ablanc7w@webmd.com,Male,52836
286,Thaxter,Toulamain,ttoulamain7x@youtu.be,Male,92247
287,Merola,Klimus,mklimus7y@istockphoto.com,Female,4846
288,Jeanie,Ormiston,jormiston7z@unc.edu,Male,86035
289,Cherie,Ryman,cryman80@ft.com,Male,87926
290,Elliott,Kleszinski,ekleszinski81@wisc.edu,Male,65044
291,Meryl,Falconar,mfalconar82@mapquest.com,Male,13852
292,Shayla,Messier,smessier83@sohu.com,Male,2569
293,Hendrika,Tomes,htomes84@photobucket.com,Male,88405
294,Clementia,Bolwell,cbolwell85@naver.com,Female,73079
295,Hermann,Vickors,hvickors86@pcworld.com,Male,34884
296,Abran,Goldingay,agoldingay87@dagondesign.com,Female,83029
297,Hadrian,Faveryear,hfaveryear88@wiley.com,Female,25154
298,Linell,Ashburner,lashburner89@stumbleupon.com,Male,75033
299,Aloysia,Gyppes,agyppes8a@ebay.com,Male,98670
300,Adelind,Sarfati,asarfati8b@furl.net,Female,97548
301,Virgina,Janzen,vjanzen8c@hubpages.com,Female,78046
302,Amalea,Roan,aroan8d@theglobeandmail.com,Female,2960
303,Devon,Waberer,dwaberer8e@mediafire.com,Male,14910
304,Cindi,Dummigan,cdummigan8f@stumbleupon.com,Female,91997
305,Joya,Heelis,jheelis8g@home.pl,Female,39153
306,Dido,Ginnally,dginnally8h@redcross.org,Male,16249
307,Zita,Butts,zbutts8i@nymag.com,Male,93088
308,Antin,Jurczik,ajurczik8j@google.cn,Male,80175
309,Nathalia,Fourcade,nfourcade8k@mapy.cz,Male,61233
310,Nikkie,Crate,ncrate8l@tmall.com,Female,50336
311,Bran,Riccelli,briccelli8m@bbb.org,Male,67560
312,Hillard,Kleinstern,hkleinstern8n@jigsy.com,Male,16234
313,Christabel,Coping,ccoping8o@github.io,Male,32146
314,Jada,Sinyard,jsinyard8p@nsw.gov.au,Female,73296
315,Doria,Keiley,dkeiley8q@smugmug.com,Male,19791
316,Jolie,Glayzer,jglayzer8r@reference.com,Female,26182
317,Kym,D'Arrigo,kdarrigo8s@sciencedaily.com,Male,36820
318,Darnell,Chazette,dchazette8t@gov.uk,Male,30827
319,Byram,Dracey,bdracey8u@privacy.gov.au,Female,56622
320,Rozamond,Wharby,rwharby8v@wordpress.org,Male,73906
321,Brocky,Johnke,bjohnke8w@goo.gl,Female,28427
322,Sher,Cathenod,scathenod8x@plala.or.jp,Male,43010
323,Cathe,Izod,cizod8y@over-blog.com,Male,42281
324,Shae,Cavolini,scavolini8z@theatlantic.com,Male,19936
325,Vin,Wicks,vwicks90@si.edu,Male,49576
326,Aleksandr,McIvor,amcivor91@go.com,Female,7881
327,Marielle,Gercken,mgercken92@photobucket.com,Female,59626
328,Eberhard,Nelius,enelius93@ft.com,Male,75928
329,Siward,Oliveto,soliveto94@yahoo.co.jp,Male,97518
330,Tuckie,Peplaw,tpeplaw95@ox.ac.uk,Male,95775
331,Cordie,McVitty,cmcvitty96@baidu.com,Male,81972
332,Hunfredo,Poate,hpoate97@google.co.uk,Female,69494
333,Grethel,Deeth,gdeeth98@trellian.com,Male,88323
334,Daren,Redley,dredley99@hao123.com,Female,24293
335,Pierrette,Stilliard,pstilliard9a@tripod.com,Female,56391
336,Aksel,Dally,adally9b@spotify.com,Female,66309
337,Herschel,Balmann,hbalmann9c@list-manage.com,Female,89431
338,Ashley,Malpass,amalpass9d@eepurl.com,Female,21736
339,Saba,Bretton,sbretton9e@ox.ac.uk,Male,4927
340,Lance,Mackley,lmackley9f@cdc.gov,Male,19966
341,Sigfrid,Eastbury,seastbury9g@mashable.com,Female,28645
342,Fanya,Robertucci,frobertucci9h@cbc.ca,Female,11702
343,Dedra,Zecchinii,dzecchinii9i@jiathis.com,Male,88311
344,Ardyth,Wetherald,awetherald9j@tripadvisor.com,Female,98926
345,Randolph,Bonsul,rbonsul9k@163.com,Female,83944
346,Nonah,Spinke,nspinke9l@walmart.com,Male,72082
347,Rhys,Brandenberg,rbrandenberg9m@apple.com,Female,56098
348,Wini,Dunley,wdunley9n@yolasite.com,Male,78610
349,Ettore,Scimoni,escimoni9o@hp.com,Female,53543
350,Reggi,Giurio,rgiurio9p@behance.net,Male,94242
351,Rey,Friatt,rfriatt9q@ox.ac.uk,Female,85171
352,Flore,Ascroft,fascroft9r@mit.edu,Female,99518
353,Cesar,Eccles,ceccles9s@liveinternet.ru,Male,29203
354,Godwin,O'Brollachain,gobrollachain9t@ucoz.com,Female,77072
355,Ilse,Kolodziejski,ikolodziejski9u@twitpic.com,Female,60943
356,Alanna,Dresser,adresser9v@eepurl.com,Male,20125
357,Graeme,Lorenzin,glorenzin9w@dmoz.org,Male,37435
358,Xaviera,Demicoli,xdemicoli9x@addtoany.com,Female,81490
359,Harlen,Godmer,hgodmer9y@tumblr.com,Male,54561
360,Verene,Laurenceau,vlaurenceau9z@sina.com.cn,Female,20550
361,Marnia,Agnolo,magnoloa0@hexun.com,Female,2680
362,Woodrow,Pendrigh,wpendrigha1@sitemeter.com,Female,83754
363,Teressa,MacAlroy,tmacalroya2@diigo.com,Male,23091
364,Danita,Palliser,dpallisera3@cloudflare.com,Male,70498
365,Cassey,Banner,cbannera4@patch.com,Male,3790
366,Cullan,Goligly,cgoliglya5@apache.org,Male,75802
367,Wendel,Vaney,wvaneya6@discuz.net,Female,21590
368,Fayre,Jeannaud,fjeannauda7@imageshack.us,Female,38911
369,Hendrika,Mantrip,hmantripa8@symantec.com,Male,75520
370,Neale,Petrovic,npetrovica9@github.io,Female,93776
371,Alden,Baynard,abaynardaa@blogger.com,Male,9314
372,Lanae,O'Hoey,lohoeyab@g.co,Female,98347
373,Ros,Olufsen,rolufsenac@nymag.com,Female,23825
374,Ettie,Feldbaum,efeldbaumad@soundcloud.com,Female,57487
375,Kylie,Whytock,kwhytockae@behance.net,Male,54152
376,Ashlie,Nicholes,anicholesaf@google.it,Female,76196
377,Rik,Kneebone,rkneeboneag@ucoz.com,Female,68699
378,Ransom,Dougal,rdougalah@disqus.com,Female,19551
379,Baudoin,Druhan,bdruhanai@mac.com,Male,73783
380,Marge,Blackmoor,mblackmooraj@pen.io,Male,3525
381,Nicol,Gowdridge,ngowdridgeak@sciencedirect.com,Female,29293
382,Sigfried,Calway,scalwayal@bing.com,Female,30073
383,Candice,Kleinsmuntz,ckleinsmuntzam@ebay.co.uk,Male,26736
384,Gwenneth,Battabee,gbattabeean@umich.edu,Female,50586
385,Joela,Grunder,jgrunderao@amazon.co.uk,Female,36148
386,Jake,Hemshall,jhemshallap@themeforest.net,Male,22901
387,Diarmid,Vauter,dvauteraq@dropbox.com,Female,92791
388,Zelda,Schott,zschottar@gov.uk,Female,98043
389,Katrinka,Philo,kphiloas@51.la,Female,62706
390,Klarika,Boake,kboakeat@netlog.com,Male,64634
391,Tremain,Scyone,tscyoneau@1und1.de,Female,64598
392,Yvor,Bessell,ybessellav@auda.org.au,Male,33807
393,Vivianne,Guirard,vguirardaw@soup.io,Male,56323
394,Brennan,Jehu,bjehuax@desdev.cn,Female,97070
395,Fanny,Bucky,fbuckyay@gov.uk,Female,65060
396,Stephi,Brose,sbroseaz@engadget.com,Female,47233
397,Gladys,Treadgall,gtreadgallb0@tiny.cc,Female,82118
398,Jeannette,Maffi,jmaffib1@storify.com,Female,5155
399,Dode,Melbourne,dmelbourneb2@moonfruit.com,Male,92948
400,Fleurette,Verbrugge,fverbruggeb3@slideshare.net,Male,37104
401,Ree,Jandl,rjandlb4@arstechnica.com,Female,1436
402,Petronella,Tregent,ptregentb5@over-blog.com,Male,57601
403,Chiquia,Boick,cboickb6@toplist.cz,Female,54354
404,Fran,Blacklock,fblacklockb7@gov.uk,Female,37374
405,Dunstan,MacGill,dmacgillb8@nasa.gov,Male,25
406,Roldan,Kienl,rkienlb9@theglobeandmail.com,Female,73133
407,Karena,Wethered,kwetheredba@dyndns.org,Male,46604
408,Lindi,Sancraft,lsancraftbb@shop-pro.jp,Female,38378
409,Dominic,Healy,dhealybc@dmoz.org,Male,635
410,Rosalind,Hallgalley,rhallgalleybd@pcworld.com,Female,33221
411,Nicolais,Musterd,nmusterdbe@nymag.com,Male,72590
412,Randa,Cock,rcockbf@dailymail.co.uk,Male,37109
413,Bobinette,Muzzillo,bmuzzillobg@dagondesign.com,Female,12450
414,Erin,Averill,eaverillbh@networkadvertising.org,Female,1771
415,Aluino,Derry,aderrybi@privacy.gov.au,Female,21336
416,Gayle,Brooksbie,gbrooksbiebj@shinystat.com,Female,86484
417,Rakel,McAlister,rmcalisterbk@etsy.com,Female,20223
418,Niki,Jerzycowski,njerzycowskibl@nih.gov,Female,57062
419,Melitta,Oddey,moddeybm@mozilla.org,Female,85109
420,Rollins,Ramard,rramardbn@rakuten.co.jp,Female,15523
421,Amory,Kinchley,akinchleybo@java.com,Female,72472
422,Brock,Karadzas,bkaradzasbp@wisc.edu,Male,12670
423,Oliver,Laudham,olaudhambq@google.pl,Male,75016
424,Nada,Bindley,nbindleybr@mit.edu,Male,60734
425,Kary,Laurent,klaurentbs@psu.edu,Female,1615
426,Nicky,Titterell,ntitterellbt@umn.edu,Female,83327
427,Joya,Merveille,jmerveillebu@sitemeter.com,Male,73746
428,Alyss,Neale,anealebv@themeforest.net,Male,60950
429,Cassius,Bock,cbockbw@mit.edu,Male,8877
430,Lin,Hampton,lhamptonbx@alexa.com,Female,83925
431,Prentice,Hrycek,phrycekby@irs.gov,Female,42375
432,Aubry,Monksfield,amonksfieldbz@icq.com,Male,92294
433,Franz,Bythway,fbythwayc0@cpanel.net,Male,26212
434,Basile,Eicheler,beichelerc1@simplemachines.org,Female,72907
435,Zackariah,Ryrie,zryriec2@deliciousdays.com,Male,64033
436,Riki,Waycot,rwaycotc3@wikia.com,Female,83442
437,Vin,Pickless,vpicklessc4@baidu.com,Male,74527
438,Kellina,Brimilcombe,kbrimilcombec5@lulu.com,Female,67248
439,Billi,Trowell,btrowellc6@dion.ne.jp,Female,58300
440,Hester,McMeanma,hmcmeanmac7@ed.gov,Female,76057
441,Nana,Kalinowsky,nkalinowskyc8@histats.com,Female,48373
442,Barbie,O'Mahoney,bomahoneyc9@instagram.com,Male,95443
443,Perle,McCloud,pmccloudca@netscape.com,Female,75044
444,Willie,Hacquel,whacquelcb@ucsd.edu,Male,30675
445,Donica,Clare,dclarecc@deviantart.com,Female,90118
446,Trevor,Kebbell,tkebbellcd@51.la,Male,63766
447,Porter,Punter,ppunterce@nymag.com,Male,95675
448,Care,Stout,cstoutcf@google.it,Male,33489
449,Joan,Tilzey,jtilzeycg@gizmodo.com,Male,1514
450,Osbourne,Branwhite,obranwhitech@goo.ne.jp,Female,36748
451,Brigitte,Mariner,bmarinerci@ebay.com,Male,76500
452,Odilia,Martin,omartincj@craigslist.org,Female,6756
453,Hi,Fluger,hflugerck@nsw.gov.au,Male,38873
454,Andris,Cabotto,acabottocl@e-recht24.de,Female,34015
455,Gabrila,Pesticcio,gpesticciocm@163.com,Male,12576
456,Kyrstin,Galbraeth,kgalbraethcn@bing.com,Female,44774
457,Cirilo,Kennard,ckennardco@biblegateway.com,Male,83481
458,Lavinia,O'Lagen,lolagencp@illinois.edu,Male,75205
459,Emanuele,Blamey,eblameycq@archive.org,Female,62260
460,Cris,Gellan,cgellancr@ovh.net,Male,70922
461,Odelle,Heaton,oheatoncs@ucoz.com,Female,11888
462,Gunther,Falco,gfalcoct@sun.com,Female,7604
463,Gottfried,Millan,gmillancu@storify.com,Female,41951
464,Kain,Faber,kfabercv@stanford.edu,Male,83559
465,Nonna,Bursell,nbursellcw@upenn.edu,Male,91600
466,Kellie,O'Gaven,kogavencx@jimdo.com,Female,96914
467,Stuart,Wreford,swrefordcy@yandex.ru,Male,1609
468,Vincents,Habron,vhabroncz@flavors.me,Male,50225
469,Federica,Minillo,fminillod0@addthis.com,Male,19180
470,Stephani,Purry,spurryd1@hubpages.com,Female,72729
471,Gunar,Taylour,gtaylourd2@examiner.com,Female,16777
472,Nerta,Jados,njadosd3@oaic.gov.au,Female,94957
473,Helena,Briton,hbritond4@is.gd,Female,50578
474,Christiane,Glusby,cglusbyd5@unesco.org,Female,71022
475,Hyacinth,Raffles,hrafflesd6@multiply.com,Female,24969
476,Munroe,Spurgin,mspurgind7@va.gov,Male,409
477,Jeromy,Allberry,jallberryd8@wufoo.com,Female,39722
478,Carlie,Gindghill,cgindghilld9@wikia.com,Male,90354
479,Kamilah,Di Filippo,kdifilippoda@bloglines.com,Male,8025
480,Francesco,Fenna,ffennadb@studiopress.com,Male,63629
481,Jacinta,Marikhin,jmarikhindc@examiner.com,Male,77947
482,Guinevere,Adami,gadamidd@yale.edu,Male,26281
483,Christoffer,Burgum,cburgumde@weibo.com,Male,41485
484,Terra,Guerrero,tguerrerodf@newyorker.com,Male,20246
485,Donovan,Hadingham,dhadinghamdg@stanford.edu,Female,47222
486,Cara,Woolis,cwoolisdh@deliciousdays.com,Male,43771
487,Brod,Purle,bpurledi@amazonaws.com,Female,50697
488,Lionel,Robyns,lrobynsdj@livejournal.com,Male,56915
489,Darcey,Cominetti,dcominettidk@java.com,Female,43794
490,Nelly,Dorkin,ndorkindl@mlb.com,Male,98925
491,Elissa,Scamerden,escamerdendm@a8.net,Male,78910
492,Linus,Rankcom,lrankcomdn@g.co,Male,38993
493,Paco,Fitzjohn,pfitzjohndo@nps.gov,Male,22534
494,Brigg,Goghin,bgoghindp@bloomberg.com,Female,35373
495,Arlen,Sivyour,asivyourdq@netlog.com,Female,58101
496,Nollie,Renhard,nrenharddr@github.io,Male,95181
497,Theadora,McAvaddy,tmcavaddyds@yale.edu,Female,62732
498,Bernarr,Eyrl,beyrldt@about.me,Female,48438
499,Stefano,Burdis,sburdisdu@jimdo.com,Male,33171
500,Buddy,Demoge,bdemogedv@drupal.org,Male,94100
501,Jacky,Spinelli,jspinellidw@tamu.edu,Female,60644
502,Jack,Seares,jsearesdx@blog.com,Male,94679
503,Shelley,Ferrey,sferreydy@people.com.cn,Female,51139
504,Cleopatra,Parradine,cparradinedz@hexun.com,Female,21399
505,Bonnibelle,Bosence,bbosencee0@macromedia.com,Male,59238
506,Hayden,Hynd,hhynde1@meetup.com,Male,79883
507,Zack,Cunradi,zcunradie2@statcounter.com,Female,89344
508,Ephraim,Morby,emorbye3@earthlink.net,Male,58850
509,Lia,Levett,llevette4@admin.ch,Female,65798
510,Delmor,Kalinsky,dkalinskye5@phpbb.com,Female,97287
511,Berry,Showen,bshowene6@google.co.jp,Male,11735
512,Pearle,Chandler,pchandlere7@soup.io,Male,7509
513,Terza,Thomton,tthomtone8@google.com.au,Male,80747
514,Cathlene,Czapla,cczaplae9@theatlantic.com,Female,80073
515,Jody,Bassil,jbassilea@earthlink.net,Female,68962
516,Cindi,Arthars,cartharseb@who.int,Female,19699
517,Lawton,Belchamp,lbelchampec@dedecms.com,Male,29531
518,Harmon,Varty,hvartyed@last.fm,Male,87096
519,Blake,Thomann,bthomannee@opera.com,Female,90158
520,Maighdiln,Quennell,mquennellef@mapy.cz,Female,47493
521,Dorri,Lambole,dlamboleeg@networkadvertising.org,Female,67555
522,Willette,Hrycek,whrycekeh@gizmodo.com,Male,80066
523,Jeannie,Beacroft,jbeacroftei@dedecms.com,Male,7445
524,Jayne,Yankin,jyankinej@infoseek.co.jp,Female,21545
525,Amelita,Hlavac,ahlavacek@nytimes.com,Female,55089
526,Raphaela,Abdey,rabdeyel@smugmug.com,Female,13562
527,Marcelia,Annesley,mannesleyem@cisco.com,Male,60076
528,Domeniga,Watman,dwatmanen@issuu.com,Female,17501
529,Berna,Hayland,bhaylandeo@dedecms.com,Female,58394
530,Bear,McEvon,bmcevonep@smugmug.com,Female,81338
531,Edithe,Chamberlayne,echamberlayneeq@youtu.be,Female,79530
532,Karlan,Halladay,khalladayer@canalblog.com,Female,85690
533,Dulcie,Chettle,dchettlees@reference.com,Female,97077
534,Min,Shepland,msheplandet@apache.org,Male,74328
535,Verna,Necolds,vnecoldseu@dagondesign.com,Male,44821
536,Dorisa,Titley,dtitleyev@vk.com,Female,33586
537,Ray,Simpkin,rsimpkinew@google.es,Male,48581
538,Evvie,Raffan,eraffanex@histats.com,Female,71285
539,Dara,Brahan,dbrahaney@shutterfly.com,Female,34516
540,Mirella,Leas,mleasez@sun.com,Male,5055
541,Farris,Cusick,fcusickf0@nifty.com,Male,17815
542,Kendal,Bawdon,kbawdonf1@blogs.com,Male,20934
543,Ardeen,Romero,aromerof2@elegantthemes.com,Male,91395
544,Mordy,Janney,mjanneyf3@booking.com,Male,46443
545,Nancee,Blucher,nblucherf4@symantec.com,Male,75235
546,Janette,Celes,jcelesf5@ebay.com,Male,99452
547,Miof mela,Barendtsen,mbarendtsenf6@themeforest.net,Female,7159
548,Burg,Stickford,bstickfordf7@cocolog-nifty.com,Female,79308
549,Jorry,Anthoine,janthoinef8@oaic.gov.au,Male,1463
550,Dianemarie,Hiscoe,dhiscoef9@rediff.com,Female,4031
551,Siward,Meehan,smeehanfa@opera.com,Female,15258
552,Keri,Adamsson,kadamssonfb@discovery.com,Male,31802
553,Wenda,Moyne,wmoynefc@github.io,Female,49083
554,Anna,Shelbourne,ashelbournefd@artisteer.com,Female,12044
555,Vite,Blain,vblainfe@canalblog.com,Male,53756
556,Mirna,Feckey,mfeckeyff@epa.gov,Male,30559
557,Batsheva,Couche,bcouchefg@virginia.edu,Female,79264
558,Loutitia,Parmeter,lparmeterfh@tripadvisor.com,Male,94296
559,Marisa,Mounch,mmounchfi@army.mil,Male,58551
560,Florence,Ulyatt,fulyattfj@cbslocal.com,Female,85022
561,Lulu,Feehely,lfeehelyfk@cpanel.net,Male,58669
562,Floria,Dutt,fduttfl@fc2.com,Male,23583
563,Leodora,Teideman,lteidemanfm@angelfire.com,Male,7826
564,Johanna,Seid,jseidfn@4shared.com,Female,61192
565,Micheil,Fenlon,mfenlonfo@meetup.com,Male,66034
566,Sansone,Goodwill,sgoodwillfp@acquirethisname.com,Female,21881
567,Clarabelle,Cuberley,ccuberleyfq@wikispaces.com,Male,1977
568,Tara,Salvidge,tsalvidgefr@prnewswire.com,Male,8892
569,Beniamino,Gegay,bgegayfs@vinaora.com,Female,80350
570,Ashton,Gook,agookft@dion.ne.jp,Female,25034
571,Marshall,Webberley,mwebberleyfu@businesswire.com,Female,52799
572,Thor,Shalcras,tshalcrasfv@foxnews.com,Male,18210
573,Bastian,Mac Giolla Pheadair,bmacgiollapheadairfw@rakuten.co.jp,Female,35480
574,Rochell,Miere,rmierefx@chron.com,Female,90738
575,Connor,Tambling,ctamblingfy@mapy.cz,Male,52657
576,Gennie,Wallbanks,gwallbanksfz@dropbox.com,Female,59618
577,Grethel,Reddin,gredding0@hugedomains.com,Female,91768
578,Alison,Tackley,atackleyg1@rakuten.co.jp,Male,30243
579,Martainn,Stopper,mstopperg2@ca.gov,Male,52977
580,Danyette,Montrose,dmontroseg3@globo.com,Male,54531
581,Merrielle,Kingston,mkingstong4@addtoany.com,Female,62781
582,Hedvige,Searle,hsearleg5@oakley.com,Female,28174
583,Tabbitha,Valentine,tvalentineg6@ox.ac.uk,Female,57964
584,Maxy,Monday,mmondayg7@adobe.com,Male,22376
585,Keri,Phelip,kphelipg8@altervista.org,Male,91023
586,Marietta,Killeen,mkilleeng9@ibm.com,Male,21482
587,Reade,Michurin,rmichuringa@wikispaces.com,Male,36278
588,Louise,McKeaveney,lmckeaveneygb@netvibes.com,Male,11116
589,Jerry,Wines,jwinesgc@jiathis.com,Female,63463
590,Shayne,Wilkennson,swilkennsongd@craigslist.org,Male,58792
591,Neron,Husher,nhusherge@apache.org,Male,40655
592,Alden,Maciejewski,amaciejewskigf@wired.com,Male,2403
593,Lemuel,Boughey,lbougheygg@samsung.com,Male,34943
594,Egor,Da Costa,edacostagh@wufoo.com,Female,19576
595,Doralynn,Ros,drosgi@opera.com,Male,21235
596,Cicely,O'Loughane,coloughanegj@adobe.com,Male,1811
597,Kimmie,Leveritt,kleverittgk@forbes.com,Female,46337
598,Berti,Critchlow,bcritchlowgl@diigo.com,Female,60576
599,Kerrin,Cescon,kcescongm@hc360.com,Male,637
600,Ania,Mityushin,amityushingn@goodreads.com,Male,52526
601,Johnnie,Vautrey,jvautreygo@umn.edu,Female,37608
602,Latia,Orchart,lorchartgp@feedburner.com,Female,23497
603,Cornall,Pike,cpikegq@alexa.com,Female,3584
604,Kirstin,Norgate,knorgategr@networkadvertising.org,Male,92178
605,Auroora,McLaggan,amclaggangs@theatlantic.com,Male,98106
606,Bennie,Smartman,bsmartmangt@diigo.com,Male,18574
607,Elissa,Grishelyov,egrishelyovgu@cam.ac.uk,Male,86206
608,Elisabeth,Laise,elaisegv@adobe.com,Female,4398
609,Axel,Strode,astrodegw@pagesperso-orange.fr,Male,28090
610,Tuckie,Farnaby,tfarnabygx@oracle.com,Male,96147
611,Myrah,Brigstock,mbrigstockgy@t.co,Female,83080
612,Alina,Snedker,asnedkergz@spiegel.de,Female,66615
613,Caspar,Napoleon,cnapoleonh0@wired.com,Male,79909
614,Hector,Wakeley,hwakeleyh1@slashdot.org,Male,88096
615,Alameda,Greenhill,agreenhillh2@walmart.com,Male,23440
616,Seumas,Nend,snendh3@google.es,Female,99497
617,Dorey,Ricson,dricsonh4@google.com.hk,Female,69626
618,Mackenzie,Bachelor,mbachelorh5@cam.ac.uk,Female,7090
619,Corbie,Bunclark,cbunclarkh6@privacy.gov.au,Female,68414
620,Catlee,Mohammed,cmohammedh7@mapy.cz,Male,70746
621,Hettie,Purrier,hpurrierh8@yelp.com,Male,75432
622,Cora,Leyburn,cleyburnh9@bloglovin.com,Male,96485
623,Sean,Olland,sollandha@stumbleupon.com,Male,94460
624,Joe,Vase,jvasehb@marriott.com,Male,63845
625,Fonsie,Klisch,fklischhc@cmu.edu,Female,33671
626,Tammy,Eytel,teytelhd@qq.com,Male,42704
627,Desirae,Yosifov,dyosifovhe@mashable.com,Female,90984
628,Karlie,McNuff,kmcnuffhf@wp.com,Female,82393
629,Alisun,Jesteco,ajestecohg@adobe.com,Female,4206
630,Falkner,Penhearow,fpenhearowhh@netscape.com,Male,22555
631,Lemar,Edmondson,ledmondsonhi@shop-pro.jp,Male,56203
632,Ettore,Evesque,eevesquehj@mysql.com,Male,20719
633,Cassandra,Helian,chelianhk@constantcontact.com,Male,12481
634,Jordan,Tinghill,jtinghillhl@loc.gov,Male,91227
635,Shela,Tatem,statemhm@hud.gov,Female,6300
636,Laureen,Casacchia,lcasacchiahn@networkadvertising.org,Male,9508
637,Maryjane,Jecock,mjecockho@archive.org,Female,84648
638,Carlin,Petrak,cpetrakhp@eventbrite.com,Male,45685
639,Lynda,M'cowis,lmcowishq@disqus.com,Male,86370
640,Evelin,De Biasi,edebiasihr@arizona.edu,Female,50435
641,Terrie,Costard,tcostardhs@issuu.com,Male,66995
642,Lucho,Guiet,lguietht@wordpress.org,Female,62262
643,Bastien,Castellan,bcastellanhu@xrea.com,Female,85369
644,Clem,Lavalde,clavaldehv@gmpg.org,Female,46489
645,Loutitia,Lomansey,llomanseyhw@usnews.com,Female,11975
646,Nap,Creus,ncreushx@xing.com,Male,92092
647,Janeta,Crayke,jcraykehy@who.int,Male,86570
648,Abigail,Goodings,agoodingshz@geocities.com,Female,81162
649,Bert,Lahiff,blahiffi0@phoca.cz,Male,9568
650,Gar,Cobden,gcobdeni1@edublogs.org,Female,97369
651,Tierney,Itscowics,titscowicsi2@dyndns.org,Male,8412
652,Rania,Lazer,rlazeri3@ehow.com,Female,63215
653,Rafa,Bilbie,rbilbiei4@uol.com.br,Female,40064
654,Jaquith,Beaver,jbeaveri5@shinystat.com,Male,15156
655,Prudi,Calderhead,pcalderheadi6@redcross.org,Female,2959
656,Darnell,Jerrom,djerromi7@freewebs.com,Female,39323
657,Yardley,Clarson,yclarsoni8@nih.gov,Female,44803
658,Althea,Bonhill,abonhilli9@cocolog-nifty.com,Female,48609
659,Ania,Destouche,adestoucheia@pen.io,Female,46359
660,Corrina,Cowle,ccowleib@twitter.com,Male,43768
661,Karon,Tallman,ktallmanic@ovh.net,Male,86136
662,Ewan,Rilton,eriltonid@salon.com,Female,20494
663,Stefano,McParlin,smcparlinie@dell.com,Male,12503
664,Jeanna,Eickhoff,jeickhoffif@yahoo.co.jp,Female,47582
665,Borden,Saddler,bsaddlerig@geocities.jp,Male,56662
666,Estelle,Lepoidevin,elepoidevinih@ft.com,Male,87809
667,Melisent,Ellicott,mellicottii@myspace.com,Male,97876
668,Dacia,Empringham,dempringhamij@si.edu,Male,1122
669,Anett,Dumbrill,adumbrillik@ca.gov,Female,42283
670,Alfonse,Baudinot,abaudinotil@deliciousdays.com,Male,69619
671,Hermina,True,htrueim@bing.com,Male,95046
672,Corney,Hallsworth,challsworthin@cnbc.com,Female,92131
673,Franny,Marten,fmartenio@jigsy.com,Female,14030
674,Bartie,Jaksic,bjaksicip@chronoengine.com,Male,41459
675,Fayth,Cornils,fcornilsiq@google.com,Male,70431
676,Zarah,McCrudden,zmccruddenir@miitbeian.gov.cn,Female,97751
677,Velma,Lamb-shine,vlambshineis@walmart.com,Female,8978
678,Klarrisa,Roadnight,kroadnightit@geocities.jp,Male,67598
679,Englebert,Owtram,eowtramiu@ovh.net,Female,95495
680,Ruby,Pinn,rpinniv@shop-pro.jp,Male,44183
681,Charmian,Chinnick,cchinnickiw@ocn.ne.jp,Female,62057
682,Faith,McAnellye,fmcanellyeix@usgs.gov,Male,58330
683,Clareta,Tooke,ctookeiy@kickstarter.com,Male,69725
684,Luce,Housin,lhousiniz@plala.or.jp,Female,9790
685,Chadwick,Yeldon,cyeldonj0@de.vu,Male,49482
686,Byron,Frankcom,bfrankcomj1@kickstarter.com,Male,10148
687,Mohandas,Adamovitz,madamovitzj2@deliciousdays.com,Female,43703
688,Kyrstin,Tubby,ktubbyj3@posterous.com,Male,11630
689,Maurise,Hawick,mhawickj4@fastcompany.com,Male,93167
690,Sue,Jeste,sjestej5@xing.com,Male,69185
691,Melanie,Boyer,mboyerj6@fotki.com,Female,66770
692,Aron,Marcome,amarcomej7@oaic.gov.au,Female,35533
693,Lawrence,Mallia,lmalliaj8@ox.ac.uk,Male,68800
694,Ham,Estoile,hestoilej9@sciencedirect.com,Female,44264
695,Avictor,Scarrott,ascarrottja@usnews.com,Male,90806
696,Baxy,Pontin,bpontinjb@biglobe.ne.jp,Female,62840
697,Nobe,Winter,nwinterjc@un.org,Female,25318
698,Adina,Collens,acollensjd@quantcast.com,Female,87736
699,Pauli,Greenside,pgreensideje@mashable.com,Male,572
700,Annabelle,Primarolo,aprimarolojf@baidu.com,Male,1324
701,Terza,Kincaid,tkincaidjg@rakuten.co.jp,Female,19534
702,Arlette,Domoney,adomoneyjh@va.gov,Female,27653
703,Denys,Giddins,dgiddinsji@dailymail.co.uk,Male,839
704,Phip,Josefer,pjoseferjj@artisteer.com,Female,72122
705,Panchito,Salmoni,psalmonijk@usatoday.com,Male,73282
706,Carleton,Tocque,ctocquejl@geocities.com,Male,97665
707,Delila,Duesbury,dduesburyjm@hugedomains.com,Female,43503
708,Morganne,De Ambrosi,mdeambrosijn@xing.com,Male,4432
709,Randi,Weal,rwealjo@youku.com,Male,50200
710,Tull,Anthon,tanthonjp@delicious.com,Male,58397
711,Vincenty,Barkway,vbarkwayjq@bluehost.com,Male,62974
712,Merrill,Runcie,mrunciejr@fc2.com,Female,70640
713,Maurine,Beaver,mbeaverjs@merriam-webster.com,Male,86808
714,Jaimie,Fockes,jfockesjt@typepad.com,Female,82434
715,Rosmunda,Ballintime,rballintimeju@google.ca,Male,11640
716,Lanny,Sprowles,lsprowlesjv@yellowbook.com,Female,19653
717,Mallory,Symcock,msymcockjw@ocn.ne.jp,Female,90924
718,Odo,Mockett,omockettjx@bravesites.com,Female,49819
719,Kathye,Lloyds,klloydsjy@diigo.com,Male,31271
720,Aylmer,Dare,adarejz@sbwire.com,Male,1927
721,Leupold,Goublier,lgoublierk0@sourceforge.net,Male,97284
722,Jecho,Rickeard,jrickeardk1@cnbc.com,Female,81764
723,Elissa,Sidlow,esidlowk2@goodreads.com,Male,99669
724,Etheline,Slatcher,eslatcherk3@wiley.com,Female,19342
725,Hillary,Quakley,hquakleyk4@wikimedia.org,Female,13908
726,Perri,Ambler,pamblerk5@indiegogo.com,Female,78007
727,Rhetta,Scrivin,rscrivink6@intel.com,Male,97357
728,Armand,Thorburn,athorburnk7@ftc.gov,Female,33401
729,Giff,Jedraszek,gjedraszekk8@blog.com,Male,808
730,Yolane,Ingolotti,yingolottik9@mashable.com,Female,44511
731,Amil,Liddard,aliddardka@ustream.tv,Female,98685
732,Floria,Mertgen,fmertgenkb@theguardian.com,Female,86627
733,Caye,Dayer,cdayerkc@naver.com,Male,50080
734,Spike,Doddemeade,sdoddemeadekd@noaa.gov,Female,68607
735,Ethel,Jellybrand,ejellybrandke@zdnet.com,Female,90829
736,Randal,Dutch,rdutchkf@usda.gov,Male,33062
737,Nathanael,Healeas,nhealeaskg@qq.com,Female,42971
738,Joey,Bullard,jbullardkh@paginegialle.it,Male,60937
739,Holly-anne,Ambridge,hambridgeki@symantec.com,Male,59362
740,Chev,Kiffin,ckiffinkj@buzzfeed.com,Male,39076
741,Roldan,Dunbleton,rdunbletonkk@plala.or.jp,Female,52705
742,Sybilla,Palleske,spalleskekl@lulu.com,Male,48362
743,Lorinda,Troillet,ltroilletkm@technorati.com,Male,35481
744,Eloisa,Armal,earmalkn@liveinternet.ru,Male,22057
745,Ediva,Deevey,edeeveyko@yolasite.com,Female,89645
746,Othelia,Aspinal,oaspinalkp@loc.gov,Female,39054
747,Vanna,Berthomier,vberthomierkq@geocities.jp,Male,1714
748,Codi,O'Ruane,coruanekr@prweb.com,Female,14477
749,Dan,Stouther,dstoutherks@nih.gov,Male,1023
750,Finn,Luddy,fluddykt@soundcloud.com,Female,74540
751,Odessa,Vickerstaff,ovickerstaffku@posterous.com,Male,94266
752,Daphne,Lilie,dliliekv@storify.com,Female,84518
753,Dara,Trimming,dtrimmingkw@newyorker.com,Male,92579
754,Merline,Lorey,mloreykx@chronoengine.com,Female,4491
755,Rorke,Wyley,rwyleyky@paypal.com,Male,41016
756,Ansley,Pickaver,apickaverkz@chronoengine.com,Female,4641
757,Parry,Buckner,pbucknerl0@scribd.com,Female,28522
758,Chic,Betchley,cbetchleyl1@feedburner.com,Female,16169
759,Kippie,Cumbers,kcumbersl2@constantcontact.com,Male,5304
760,Cosmo,Danigel,cdanigell3@drupal.org,Male,57086
761,Tandi,Bewlie,tbewliel4@list-manage.com,Male,85265
762,Wynn,Jiggle,wjigglel5@aboutads.info,Male,21497
763,Janessa,McDuff,jmcduffl6@163.com,Female,59382
764,Mariette,Brideau,mbrideaul7@unc.edu,Male,15663
765,Misha,Woodes,mwoodesl8@discovery.com,Male,67387
766,Edgar,Langwade,elangwadel9@jigsy.com,Male,6410
767,Dell,Rathbourne,drathbournela@xinhuanet.com,Female,11185
768,Benedick,Muzzillo,bmuzzillolb@wikispaces.com,Female,64019
769,Nate,Strowlger,nstrowlgerlc@shop-pro.jp,Female,70272
770,Gage,Noel,gnoelld@irs.gov,Male,93814
771,Bradley,Shelvey,bshelveyle@epa.gov,Male,51317
772,Gertrude,Brahmer,gbrahmerlf@alexa.com,Male,77902
773,Willyt,Everal,weverallg@spiegel.de,Male,16105
774,Mathew,Maden,mmadenlh@springer.com,Male,98638
775,Wallis,Smye,wsmyeli@wix.com,Male,9385
776,Chadd,Khalid,ckhalidlj@themeforest.net,Male,40272
777,Shurwood,Cremen,scremenlk@prnewswire.com,Male,62849
778,Winna,Madner,wmadnerll@salon.com,Male,15765
779,Allyn,Giocannoni,agiocannonilm@nsw.gov.au,Female,55481
780,Cristian,Brewin,cbrewinln@uiuc.edu,Male,27370
781,Sigvard,Tyer,styerlo@privacy.gov.au,Male,57547
782,Dynah,Gorry,dgorrylp@e-recht24.de,Male,94520
783,Skipton,Tuhy,stuhylq@skyrock.com,Male,54565
784,Cissy,Troman,ctromanlr@mozilla.com,Female,69815
785,Bernice,Bubbear,bbubbearls@youtu.be,Male,82513
786,Lorain,Serginson,lserginsonlt@delicious.com,Male,22532
787,Becky,Buckenham,bbuckenhamlu@elegantthemes.com,Female,8388
788,Carlyle,Corwin,ccorwinlv@cornell.edu,Female,220
789,Gayle,Attkins,gattkinslw@alibaba.com,Female,85667
790,Linet,Shefton,lsheftonlx@hatena.ne.jp,Female,75831
791,Casey,Moffat,cmoffatly@php.net,Female,60234
792,Pammi,Fewtrell,pfewtrelllz@bravesites.com,Male,3979
793,Ambros,Speek,aspeekm0@reuters.com,Female,9004
794,Brendin,Robshaw,brobshawm1@creativecommons.org,Male,83022
795,Revkah,Rosso,rrossom2@bbc.co.uk,Female,19986
796,Jeana,Larcombe,jlarcombem3@google.co.uk,Male,39410
797,Rachelle,Drysdell,rdrysdellm4@virginia.edu,Male,11948
798,Lawrence,Fetteplace,lfetteplacem5@epa.gov,Male,99421
799,Kattie,Vispo,kvispom6@live.com,Male,34716
800,Margery,Puckinghorne,mpuckinghornem7@google.it,Male,10681
801,Allard,Podd,apoddm8@stanford.edu,Female,35218
802,Reynard,Nutton,rnuttonm9@xinhuanet.com,Male,32117
803,Chelsy,Lude,cludema@trellian.com,Male,86681
804,Carry,Mathis,cmathismb@webeden.co.uk,Male,26744
805,Sue,Luckhurst,sluckhurstmc@usda.gov,Male,96954
806,Mac,Stuckford,mstuckfordmd@nytimes.com,Male,10364
807,Warde,Dearlove,wdearloveme@hostgator.com,Male,63153
808,Evered,Calbreath,ecalbreathmf@google.nl,Male,68716
809,Wakefield,Helm,whelmmg@paypal.com,Male,12872
810,Blanche,McKelloch,bmckellochmh@creativecommons.org,Female,93442
811,Dotti,Bulteel,dbulteelmi@macromedia.com,Female,45383
812,Eydie,Luetkemeyers,eluetkemeyersmj@blogger.com,Male,67900
813,Lorelle,Hesse,lhessemk@ezinearticles.com,Male,2556
814,Claudia,Dunn,cdunnml@patch.com,Female,824
815,Kellia,Suston,ksustonmm@bigcartel.com,Male,8433
816,Elsey,Owers,eowersmn@shinystat.com,Female,59725
817,Vincenz,Pick,vpickmo@prlog.org,Female,15963
818,Candice,Overell,coverellmp@marriott.com,Female,66501
819,Fayina,Poulsum,fpoulsummq@youku.com,Male,50102
820,Artemis,Feldmann,afeldmannmr@ow.ly,Female,24246
821,Jedediah,Slowly,jslowlyms@tuttocitta.it,Female,39078
822,Elyn,Dumphry,edumphrymt@forbes.com,Male,68095
823,Wolfy,Blowers,wblowersmu@exblog.jp,Female,17434
824,Daniella,Insworth,dinsworthmv@yellowbook.com,Female,43060
825,Ainslee,Di Bartolommeo,adibartolommeomw@wix.com,Female,47042
826,Carlin,Woodstock,cwoodstockmx@psu.edu,Male,26103
827,Myrna,Buckoke,mbuckokemy@chicagotribune.com,Male,62905
828,Guenevere,Semarke,gsemarkemz@virginia.edu,Male,75603
829,Win,Summons,wsummonsn0@noaa.gov,Female,39667
830,Maggi,Critchard,mcritchardn1@reuters.com,Female,49805
831,Will,Swatheridge,wswatheridgen2@sfgate.com,Female,20764
832,Theressa,Densumbe,tdensumben3@live.com,Male,46738
833,Robbi,Wells,rwellsn4@reference.com,Male,34313
834,Reeba,Brunger,rbrungern5@is.gd,Female,43423
835,Tara,Knightsbridge,tknightsbridgen6@free.fr,Female,21117
836,Quillan,Goodere,qgooderen7@pbs.org,Female,16927
837,Illa,Druce,idrucen8@yellowbook.com,Female,86417
838,Lyndsey,Chinn,lchinnn9@over-blog.com,Male,85436
839,Berky,Gianolini,bgianolinina@histats.com,Male,47186
840,Osmond,Browne,obrownenb@oracle.com,Female,51820
841,Rosalyn,Barrasse,rbarrassenc@nymag.com,Male,53223
842,Ignacius,Burleigh,iburleighnd@census.gov,Female,4477
843,Pryce,Marti,pmartine@zdnet.com,Female,32271
844,Katie,Sammon,ksammonnf@ovh.net,Male,64857
845,Saidee,Danielli,sdanielling@msn.com,Female,52493
846,Luther,Treeby,ltreebynh@dmoz.org,Male,24256
847,Sophi,Sandry,ssandryni@rambler.ru,Female,38951
848,Letta,Gaythorpe,lgaythorpenj@theglobeandmail.com,Female,11156
849,Barth,Fakeley,bfakeleynk@taobao.com,Female,48566
850,Idell,Durbin,idurbinnl@cloudflare.com,Female,40622
851,Chas,Malyj,cmalyjnm@hexun.com,Male,53885
852,Holly,Waddilow,hwaddilownn@hatena.ne.jp,Female,83596
853,Patrizia,Dahmel,pdahmelno@nature.com,Male,65002
854,Julie,Grubb,jgrubbnp@paginegialle.it,Male,81841
855,Robb,Gresswood,rgresswoodnq@yahoo.com,Female,6249
856,Dre,Cousen,dcousennr@cafepress.com,Female,35621
857,Alfons,Weed,aweedns@goodreads.com,Male,8690
858,Cullin,Nacey,cnaceynt@1688.com,Female,75163
859,Giorgia,Bartle,gbartlenu@blinklist.com,Female,18927
860,Catherina,Bezemer,cbezemernv@senate.gov,Female,77388
861,Milton,Bresnen,mbresnennw@mapquest.com,Male,43740
862,Charlean,Bellworthy,cbellworthynx@epa.gov,Female,45943
863,Melamie,Lindeboom,mlindeboomny@mysql.com,Male,26015
864,Tessy,Kirk,tkirknz@pinterest.com,Male,75475
865,Druci,Bruton,dbrutono0@nbcnews.com,Female,98279
866,Euell,Aingel,eaingelo1@a8.net,Male,26355
867,Dru,Ferronet,dferroneto2@fotki.com,Female,32181
868,Leicester,Wyeth,lwyetho3@studiopress.com,Male,70393
869,Alena,Cussons,acussonso4@reference.com,Male,89917
870,Dedra,Kegley,dkegleyo5@usa.gov,Female,76703
871,Marketa,Cumo,mcumoo6@guardian.co.uk,Female,47336
872,Vilma,Itscowicz,vitscowiczo7@infoseek.co.jp,Female,61513
873,Connie,Daft,cdafto8@spiegel.de,Female,40911
874,Maureene,Eglise,megliseo9@telegraph.co.uk,Female,18462
875,Wang,Kroll,wkrolloa@mozilla.org,Male,49214
876,Andy,Bassham,abasshamob@va.gov,Female,47742
877,Verina,Denness,vdennessoc@washington.edu,Female,57458
878,Raynard,Dilleston,rdillestonod@sohu.com,Female,42055
879,Kendall,Curtiss,kcurtissoe@wp.com,Female,79253
880,Forrest,Wallage,fwallageof@histats.com,Male,72883
881,Rhoda,Emtage,remtageog@technorati.com,Male,83016
882,Dulsea,MacGow,dmacgowoh@w3.org,Male,55336
883,Paulo,Kesley,pkesleyoi@home.pl,Male,24113
884,Harrison,Wimp,hwimpoj@imageshack.us,Female,67919
885,Helaina,Mosby,hmosbyok@angelfire.com,Male,29413
886,Boone,Pawlata,bpawlataol@aol.com,Male,29158
887,Shawna,Sowerbutts,ssowerbuttsom@unesco.org,Female,56376
888,Franny,Laurance,flauranceon@typepad.com,Male,85341
889,Honey,Ciraldo,hciraldooo@studiopress.com,Male,19824
890,Ivett,Reisk,ireiskop@prweb.com,Male,22433
891,Evangelia,Boyall,eboyalloq@nps.gov,Male,32187
892,Randee,Dore,rdoreor@un.org,Female,50405
893,Dex,Otteridge,dotteridgeos@constantcontact.com,Female,47812
894,Egan,Alban,ealbanot@skyrock.com,Male,74455
895,Hersch,Preist,hpreistou@infoseek.co.jp,Male,47784
896,Ariana,Adams,aadamsov@go.com,Male,11378
897,Carter,Rickets,cricketsow@hhs.gov,Male,99825
898,Ivie,Perceval,ipercevalox@tripadvisor.com,Female,6808
899,Faunie,Bewfield,fbewfieldoy@bizjournals.com,Male,81543
900,Joelynn,Atwool,jatwooloz@arstechnica.com,Female,30210
901,Cassi,Arminger,carmingerp0@nytimes.com,Female,84884
902,Nelia,McMurrugh,nmcmurrughp1@timesonline.co.uk,Female,70868
903,Dorthy,Shilleto,dshilletop2@msn.com,Female,62205
904,Xenos,Cortez,xcortezp3@github.com,Male,10505
905,Glynnis,Sciacovelli,gsciacovellip4@imgur.com,Female,90281
906,Natalee,Gumley,ngumleyp5@bbb.org,Male,79784
907,Antonio,O'Spillane,aospillanep6@clickbank.net,Male,90150
908,Erik,Sanger,esangerp7@tuttocitta.it,Male,57961
909,Caron,Vizard,cvizardp8@newyorker.com,Female,40761
910,Hakeem,Callum,hcallump9@linkedin.com,Female,20828
911,Jo-ann,Paulsen,jpaulsenpa@patch.com,Female,7867
912,Loutitia,Paz,lpazpb@omniture.com,Female,28438
913,Alexandro,Treske,atreskepc@people.com.cn,Male,90409
914,Jenilee,Briggdale,jbriggdalepd@weibo.com,Female,17815
915,Saunders,Stolle,sstollepe@nydailynews.com,Female,76264
916,Bella,Roels,broelspf@springer.com,Female,77259
917,Sarah,Agett,sagettpg@mapy.cz,Female,61286
918,Corey,Fratson,cfratsonph@newyorker.com,Male,11772
919,Waly,Cornil,wcornilpi@miibeian.gov.cn,Male,55388
920,Camala,Rattry,crattrypj@posterous.com,Female,33824
921,Coral,Tomini,ctominipk@si.edu,Male,62843
922,Jedidiah,Berrey,jberreypl@dailymail.co.uk,Female,9596
923,Betty,Rowland,browlandpm@bbc.co.uk,Female,90850
924,Papagena,Charlwood,pcharlwoodpn@blogger.com,Female,42770
925,Letisha,Gillooly,lgilloolypo@myspace.com,Male,98922
926,Allard,Stennings,astenningspp@ezinearticles.com,Male,35196
927,Darby,Dominighi,ddominighipq@ovh.net,Female,41413
928,Jonas,Shury,jshurypr@hatena.ne.jp,Male,92177
929,Guillaume,Blackah,gblackahps@theglobeandmail.com,Male,16570
930,Teador,Aristide,taristidept@edublogs.org,Male,30273
931,Rozina,Godbert,rgodbertpu@behance.net,Female,411
932,Colette,Calkin,ccalkinpv@blog.com,Male,36069
933,Pedro,Treneer,ptreneerpw@alibaba.com,Male,51351
934,Nels,Mattea,nmatteapx@apache.org,Male,4428
935,Juanita,Grinston,jgrinstonpy@com.com,Female,47096
936,Hy,Danser,hdanserpz@mtv.com,Female,94821
937,Rafferty,Lafoy,rlafoyq0@mysql.com,Male,96937
938,Harwell,Duiged,hduigedq1@psu.edu,Female,45950
939,Abran,Gulston,agulstonq2@time.com,Female,60416
940,Davida,Dowey,ddoweyq3@nydailynews.com,Female,13884
941,Rodd,Embury,remburyq4@mail.ru,Male,30563
942,Claudette,Mickleburgh,cmickleburghq5@cbslocal.com,Male,75079
943,Ariel,Burnyate,aburnyateq6@hugedomains.com,Female,6126
944,Bev,Giorgioni,bgiorgioniq7@mashable.com,Male,13456
945,Anica,Hawkswood,ahawkswoodq8@privacy.gov.au,Female,72803
946,Guglielmo,Duell,gduellq9@blogs.com,Male,52050
947,Jilly,Dirand,jdirandqa@independent.co.uk,Male,86749
948,Letizia,Corzon,lcorzonqb@twitter.com,Male,62894
949,Astra,Elcox,aelcoxqc@europa.eu,Female,35367
950,Ophelia,Faiers,ofaiersqd@infoseek.co.jp,Male,54988
951,Fleur,MacCostigan,fmaccostiganqe@mail.ru,Female,87265
952,Anson,Waind,awaindqf@shinystat.com,Male,6086
953,El,Skones,eskonesqg@technorati.com,Male,59434
954,Wright,Terren,wterrenqh@google.nl,Male,46628
955,Nicol,Wilkennson,nwilkennsonqi@cbslocal.com,Male,34010
956,Alleyn,Riach,ariachqj@archive.org,Male,47396
957,Lydon,Swait,lswaitqk@bing.com,Female,67856
958,Fergus,Jopp,fjoppql@sbwire.com,Female,33328
959,Matthias,Duddin,mduddinqm@dyndns.org,Female,26606
960,Shannon,Anespie,sanespieqn@amazon.co.uk,Male,23476
961,Lucienne,Cottisford,lcottisfordqo@seattletimes.com,Female,92338
962,Millicent,Simson,msimsonqp@delicious.com,Female,32573
963,Elbert,Farress,efarressqq@vistaprint.com,Male,1539
964,Rochette,Lightman,rlightmanqr@plala.or.jp,Female,61493
965,Lissa,Iddens,liddensqs@pcworld.com,Male,71266
966,Tann,Mouat,tmouatqt@businessinsider.com,Female,7500
967,Noell,Spinozzi,nspinozziqu@tamu.edu,Male,43001
968,Derk,Libreros,dlibrerosqv@4shared.com,Male,11134
969,Jamey,Mercik,jmercikqw@state.gov,Female,59556
970,Stefan,Rudsdale,srudsdaleqx@netscape.com,Male,79939
971,Annemarie,Gooderham,agooderhamqy@parallels.com,Male,41091
972,Mikkel,Rosini,mrosiniqz@wsj.com,Female,24279
973,Katine,Saddleton,ksaddletonr0@tamu.edu,Male,52757
974,Tadio,Heisler,theislerr1@people.com.cn,Male,14631
975,Claire,Cumberpatch,ccumberpatchr2@timesonline.co.uk,Female,77003
976,Jeremy,McDonnell,jmcdonnellr3@ovh.net,Male,79577
977,Noah,Lacroutz,nlacroutzr4@techcrunch.com,Female,40503
978,Penny,Goldspink,pgoldspinkr5@walmart.com,Male,58305
979,Kelsi,Manvelle,kmanveller6@cbsnews.com,Male,18050
980,Kaja,Lagen,klagenr7@tumblr.com,Male,42002
981,Giacobo,Eckhard,geckhardr8@sina.com.cn,Female,59040
982,Giulia,Rossbrook,grossbrookr9@w3.org,Male,18210
983,Timmy,Goard,tgoardra@github.io,Male,47417
984,Grier,Bewly,gbewlyrb@rambler.ru,Female,83210
985,Duffie,Broke,dbrokerc@oaic.gov.au,Male,79714
986,Davida,Bruyns,dbruynsrd@wufoo.com,Male,67177
987,Cam,Spreag,cspreagre@youku.com,Female,58836
988,Lonnard,Minero,lminerorf@sbwire.com,Male,88500
989,Charity,Baumford,cbaumfordrg@linkedin.com,Female,99576
990,Koo,Sunderland,ksunderlandrh@nyu.edu,Male,74718
991,Mandel,Blampied,mblampiedri@i2i.jp,Male,30472
992,Maxim,Maine,mmainerj@gravatar.com,Male,27688
993,Myrilla,Southon,msouthonrk@geocities.jp,Male,58117
994,Immanuel,Kern,ikernrl@i2i.jp,Male,29005
995,Chad,Elbourne,celbournerm@cnbc.com,Female,96367
996,Roseline,Bault,rbaultrn@jiathis.com,Male,15283
997,Murdock,Bontine,mbontinero@umich.edu,Female,54660
998,Cirillo,Luty,clutyrp@va.gov,Female,8347
999,Wright,Nehls,wnehlsrq@hp.com,Female,45183
1000,Lucretia,Dreossi,ldreossirr@ox.ac.uk,Male,19853
